"ano","pais","sigla","regiao","democracia","pib","populacao","variavel_dependente","despesas","mortes"
1972,"Mexico","MEX","Americas",0.249,840,53543436,1,0,111
1973,"Australia","AUS","Oceania",0.87,4650,13380000,1,0,48
1973,"Iceland","ISL","Europe",0.832,NA,212317,0,0,0
1973,"Italy","ITA","Europe",0.752,3250,54751406,1,0,76
1973,"Japan","JPN","Asia",0.842,3660,108707000,0,0,303
1973,"Mexico","MEX","Americas",0.249,1010,55228203,1,0,2058
1974,"Australia","AUS","Oceania",0.868,5950,13723000,1,0,360
1974,"Chile","CHL","Americas",0.071,1650,10472743,1,0,96
1974,"Iceland","ISL","Europe",0.831,NA,215209,0,0,24
1974,"Japan","JPN","Asia",0.842,4490,110162000,0,0,993
1974,"Mexico","MEX","Americas",0.251,1230,56945880,1,0,39
1975,"Austria","AUT","Europe",0.854,5540,7578903,1,0,45
1975,"Italy","ITA","Europe",0.758,4320,55441001,1,0,24
1975,"Japan","JPN","Asia",0.842,5230,111573000,0,0,294
1975,"Mexico","MEX","Americas",0.251,1480,58691882,1,0,87
1975,"Romania","ROU","Europe",0.187,NA,21293583,0,0,120
1975,"Switzerland","CHE","Europe",0.861,NA,6338632,1,0,39
1975,"Thailand","THA","Asia",0.283,400,40908471,1,0,478
1976,"Australia","AUS","Oceania",0.867,7870,14033000,1,0,0
1976,"Austria","AUT","Europe",0.856,5980,7565525,1,0,0
1976,"Belgium","BEL","Europe",0.855,7580,9818227,1,0,0
1976,"Denmark","DNK","Europe",0.909,8960,5072596,1,0,0
1976,"France","FRA","Europe",0.856,7170,53966558,1,0,0
1976,"Iceland","ISL","Europe",0.829,NA,220154,0,0,2
1976,"Japan","JPN","Asia",0.841,5480,112775000,0,0,507
1976,"Mexico","MEX","Americas",0.262,1560,60452543,1,0,2160
1976,"Netherlands","NLD","Europe",0.848,8170,13774037,1,0,0
1976,"Sweden","SWE","Europe",0.911,10720,8222286,0,0,0
1976,"Switzerland","CHE","Europe",0.857,NA,6302504,1,0,0
1977,"Australia","AUS","Oceania",0.867,8080,14192000,1,0,12
1977,"Chile","CHL","Americas",0.072,1060,10969861,1,0,45
1977,"France","FRA","Europe",0.856,7840,54221988,1,0,52
1977,"Japan","JPN","Asia",0.839,6020,113872000,0,0,123
1977,"Mexico","MEX","Americas",0.276,1490,62262505,1,0,30
1977,"Romania","ROU","Europe",0.187,NA,21756096,0,0,3282
1977,"South Africa","ZAF","Africa",0.162,1650,27199838,1,0,12
1977,"Sweden","SWE","Europe",0.91,11290,8251540,0,0,26
1977,"Switzerland","CHE","Europe",0.863,NA,6281174,1,0,0
1977,"Thailand","THA","Asia",0.125,470,42843802,1,0,200
1978,"Australia","AUS","Oceania",0.865,8470,14358000,1,0,48
1978,"Chile","CHL","Americas",0.072,1360,11137748,1,0,12
1978,"France","FRA","Europe",0.859,8860,54486195,1,0,6
1978,"Japan","JPN","Asia",0.839,7550,114913000,0,0,201
1978,"Mexico","MEX","Americas",0.295,1600,64123997,1,0,45
1978,"South Africa","ZAF","Africa",0.161,1750,27943445,1,0,78
1978,"Thailand","THA","Asia",0.125,540,43806715,1,0,292
1979,"Australia","AUS","Oceania",0.865,9600,14514000,1,0,60
1979,"Chile","CHL","Americas",0.073,1780,11304331,1,0,90
1979,"France","FRA","Europe",0.86,10850,54753575,1,0,22
1979,"Japan","JPN","Asia",0.84,9570,115890000,0,0,282
1979,"Mexico","MEX","Americas",0.296,1900,65972912,1,0,15
1979,"Portugal","PRT","Europe",0.755,2870,9661265,0,0,46
1980,"Austria","AUT","Europe",0.0859,11460,7549433,1,0,0
1980,"Denmark","DNK","Europe",0.0906,15090,5123027,1,0,0
1980,"France","FRA","Europe",0.086,13100,55052582,1,0,12
1980,"Japan","JPN","Asia",0.0841,11000,116807000,0,0,87
1980,"Mexico","MEX","Americas",0.03,2560,67705186,1,0,513
1980,"Portugal","AZO","Europe",0.0841,3350,9766312,0,0,138
1980,"South Africa","ZAF","Africa",0.016,2660,29463549,1,0,0
1980,"Spain","ESP","Europe",0.0871,6210,37491165,1,0,0
1980,"Thailand","THA","Asia",0.0251,740,45737753,1,0,114
1981,"Australia","AUS","Oceania",0.875,11870,14923260,1,0,8
1981,"Austria","AUT","Europe",0.859,11180,7568710,1,0,0
1981,"Denmark","DNK","Europe",0.906,14180,5121572,1,0,18
1981,"France","FRA","Europe",0.867,13200,55371044,1,0,0
1981,"Japan","JPN","Asia",0.841,11300,117661000,0,0,609
1981,"Mexico","MEX","Americas",0.304,3300,69233769,1,0,309
1981,"Portugal","PRT","Europe",0.843,3420,9851362,0,0,60
1981,"South Africa","ZAF","Africa",0.176,3050,30232561,1,0,312
1981,"Spain","ESP","Europe",0.871,6310,37758631,1,0,0
1981,"Thailand","THA","Asia",0.293,780,46727292,1,0,110
1982,"Australia","AUS","Oceania",0.875,12080,15184247,1,0,4
1982,"Austria","AUT","Europe",0.859,10380,7574140,1,0,36
1982,"Chile","CHL","Americas",0.074,2040,11807408,1,0,0
1982,"France","FRA","Europe",0.873,12050,55694106,1,0,60
1982,"Japan","JPN","Asia",0.841,10690,118480000,0,0,2019
1982,"Mexico","MEX","Americas",0.313,3030,70656783,1,0,1107
1982,"South Africa","ZAF","Africa",0.176,2940,31022417,1,0,0
1982,"Spain","ESP","Europe",0.882,5680,37986012,1,0,231
1982,"Switzerland","CHE","Europe",0.87,NA,6391309,1,0,0
1983,"Australia","AUS","Oceania",0.876,11570,15393472,1,0,300
1983,"Austria","AUT","Europe",0.859,9600,7561910,1,0,0
1983,"Belgium","BEL","Europe",0.861,9430,9855520,1,0,2
1983,"Chile","CHL","Americas",0.074,1640,11976513,1,0,12
1983,"Denmark","DNK","Europe",0.91,11710,5114297,1,0,4
1983,"France","FRA","Europe",0.873,10450,55992656,1,0,110
1983,"Iceland","ISL","Europe",0.851,NA,236977,0,0,8
1983,"Ireland","IRL","Europe",0.835,5720,3510600,0,0,20
1983,"Israel","ISR","Asia",0.771,NA,4105000,0,0,0
1983,"Japan","JPN","Asia",0.841,10360,119307000,0,0,1395
1983,"Luxembourg","LUX","Europe",0.874,13410,365622,1,0,0
1983,"Mexico","MEX","Americas",0.32,2410,72080310,1,0,975
1983,"Portugal","PRT","Europe",0.861,2830,9957865,0,0,38
1983,"Romania","ROU","Europe",0.186,NA,22560478,0,0,0
1983,"South Africa","ZAF","Africa",0.176,2700,31865176,1,0,30
1983,"Spain","ESP","Europe",0.887,4860,38171525,1,0,135
1983,"Switzerland","CHE","Europe",0.871,NA,6418773,1,0,0
1983,"Thailand","THA","Asia",0.328,790,48670565,1,0,100
1984,"Australia","AUS","Oceania",0.884,12000,15579391,1,0,144
1984,"Austria","AUT","Europe",0.859,9270,7561434,1,0,126
1984,"Belgium","BEL","Europe",0.861,8860,9855372,1,0,0
1984,"Chile","CHL","Americas",0.075,1450,12147758,1,0,381
1984,"France","FRA","Europe",0.873,9830,56275701,1,0,8
1984,"Hungary","HUN","Europe",0.137,NA,10668095,0,0,8
1984,"Iceland","ISL","Europe",0.851,NA,239511,0,0,0
1984,"Japan","JPN","Asia",0.842,10640,120083000,0,0,102
1984,"Mexico","MEX","Americas",0.32,2220,73489654,1,0,12
1984,"Netherlands","NLD","Europe",0.863,10510,14424211,1,0,0
1984,"Romania","ROU","Europe",0.186,NA,22640547,0,0,0
1984,"South Africa","ZAF","Africa",0.176,2640,32768207,1,0,192
1984,"Spain","ESP","Europe",0.887,4580,38330364,1,0,78
1984,"Switzerland","CHE","Europe",0.873,NA,6441865,1,0,0
1984,"Thailand","THA","Asia",0.34,820,49636724,1,0,34
1985,"Australia","AUS","Oceania",0.887,11990,15788312,1,0,152
1985,"Austria","AUT","Europe",0.86,9360,7564985,1,0,36
1985,"Belgium","BEL","Europe",0.861,8820,9858308,1,0,0
1985,"Chile","CHL","Americas",0.077,1420,12326396,1,0,540
1985,"Denmark","DNK","Europe",0.908,11840,5113691,1,0,0
1985,"France","FRA","Europe",0.873,9780,56569195,1,0,12
1985,"Italy","ITA","Europe",0.828,8030,56593071,1,0,658
1985,"Japan","JPN","Asia",0.841,11690,120837000,0,0,147
1985,"Mexico","MEX","Americas",0.324,2300,74872006,1,0,28500
1985,"Netherlands","NLD","Europe",0.863,10120,14491632,1,0,0
1985,"Spain","ESP","Europe",0.887,4550,38469512,1,0,120
1985,"Sweden","SWE","Europe",0.911,13080,8350386,0,0,22
1985,"Switzerland","CHE","Europe",0.873,NA,6470365,1,0,0
1985,"Thailand","THA","Asia",0.34,820,50594940,1,0,36
1986,"Australia","AUS","Oceania",0.887,12310,16018350,1,0,60
1986,"Chile","CHL","Americas",0.077,1460,12514502,1,0,117
1986,"France","FRA","Europe",0.872,11350,56865193,1,0,10
1986,"Hungary","HUN","Europe",0.147,NA,10630564,0,0,0
1986,"Ireland","IRL","Europe",0.838,6370,3539690,0,0,22
1986,"Italy","ITA","Europe",0.828,9380,56596155,1,0,4
1986,"Japan","JPN","Asia",0.841,14080,121482000,0,0,192
1986,"Mexico","MEX","Americas",0.327,2100,76224365,1,0,60
1986,"Netherlands","NLD","Europe",0.862,11450,14572278,1,0,0
1986,"South Africa","ZAF","Africa",0.177,2090,34877834,1,0,0
1986,"Switzerland","CHE","Europe",0.873,NA,6504124,1,0,0
1986,"Thailand","THA","Asia",0.339,860,51542094,1,0,84
1987,"Chile","CHL","Americas",0.08,1650,12712784,1,0,492
1987,"France","FRA","Europe",0.872,14500,57168409,1,0,54
1987,"Ireland","IRL","Europe",0.846,8220,3540057,0,0,0
1987,"Italy","ITA","Europe",0.826,12160,56601931,1,0,180
1987,"Japan","JPN","Asia",0.841,18370,122069000,0,0,30
1987,"Mexico","MEX","Americas",0.331,2090,77553504,1,0,54
1987,"Poland","POL","Europe",0.191,NA,37668045,0,0,0
1987,"South Africa","ZAF","Africa",0.177,2290,36119333,1,0,1518
1987,"Spain","ESP","Europe",0.89,7110,38684815,1,0,15
1987,"Switzerland","CHE","Europe",0.873,NA,6545106,1,0,3
1987,"Thailand","THA","Asia",0.338,980,52479181,1,0,48
1988,"Australia","AUS","Oceania",0.886,14140,16532164,1,0,68
1988,"Chile","CHL","Americas",0.113,1920,12918389,1,0,0
1988,"France","FRA","Europe",0.878,18570,57472651,1,0,20
1988,"Iceland","ISL","Europe",0.86,NA,249740,0,0,0
1988,"Japan","JPN","Asia",0.841,25200,122578000,0,0,81
1988,"Mexico","MEX","Americas",0.344,2140,78892015,1,0,933
1988,"South Africa","ZAF","Africa",0.177,2730,37393853,1,0,75
1988,"Switzerland","CHE","Europe",0.872,NA,6593386,1,0,0
1988,"Thailand","THA","Asia",0.358,1190,53410965,1,0,1328
1989,"Australia","AUS","Oceania",0.886,15600,16814416,1,0,132
1989,"France","FRA","Europe",0.878,19550,57766282,1,0,18
1989,"Japan","JPN","Asia",0.841,27480,123069000,0,0,129
1989,"Mexico","MEX","Americas",0.369,2430,80233749,1,0,129
1989,"Portugal","PRT","Europe",0.872,6320,10005000,0,0,0
1989,"Spain","ESP","Europe",0.891,10700,38827764,1,0,135
1989,"Thailand","THA","Asia",0.378,1350,54324004,1,0,916
1990,"Australia","AUS","Oceania",0.0893,17340,17065128,1,0,48
1990,"Austria","AUT","Europe",0.086,20630,7677850,1,0,9
1990,"Bulgaria","BGR","Europe",0.057,2250,8718289,0,0,3
1990,"Canada","CAN","Americas",0.0834,20650,27691138,1,0,32
1990,"Denmark","DNK","Europe",0.0906,24370,5140939,1,0,2
1990,"Finland","FIN","Europe",0.0858,26000,4986431,1,0,0
1990,"France","FRA","Europe",0.0878,20710,58044701,1,0,124
1990,"Ireland","IRL","Europe",0.0857,12560,3513974,0,0,4
1990,"Japan","JPN","Asia",0.0843,28390,123478000,0,0,67
1990,"Luxembourg","LUX","Europe",0.0875,31330,381850,1,0,0
1990,"Mexico","MEX","Americas",0.0393,2860,81720428,1,0,1389
1990,"Netherlands","NLD","Europe",0.0863,19900,14951510,1,0,40
1990,"Norway","NOR","Europe",0.0878,26500,4241473,1,0,0
1990,"South Africa","ZAF","Africa",0.0224,2890,39877570,1,0,36
1990,"Spain","ESP","Europe",0.0893,12210,38867322,1,0,27
1990,"Sweden","SWE","Europe",0.0915,27760,8558835,0,0,0
1990,"Switzerland","CHE","Europe",0.0886,NA,6715519,1,9.27441683411598,20
1990,"Tunisia","TUN","Africa",0.0132,1380,8440023,0,0,37
1991,"Australia","AUS","Oceania",0.894,18240,17284036,1,0,0
1991,"Austria","AUT","Europe",0.859,21810,7754891,1,0,15
1991,"Canada","CAN","Americas",0.834,20990,28037420,1,0,72
1991,"France","FRA","Europe",0.878,21420,58557577,1,0,40
1991,"Germany","DEU","Europe",0.893,22890,80013896,1,0,0
1991,"Germany","DFR","Europe",0.893,22890,80013896,1,0,20
1991,"Ireland","IRL","Europe",0.874,13130,3534235,0,0,0
1991,"Israel","ISR","Asia",0.774,NA,4949000,0,0,10
1991,"Mexico","MEX","Americas",0.415,3330,83351595,1,0,352
1991,"Portugal","PRT","Europe",0.866,8180,9960235,0,0,0
1991,"South Africa","ZAF","Africa",0.255,3020,40910959,1,0,15
1991,"Spain","ESP","Europe",0.893,13700,38966376,1,0,0
1992,"Australia","AUS","Oceania",0.894,18570,17478635,1,0,8
1992,"Canada","CAN","Americas",0.831,21420,28371264,1,0,68
1992,"Chile","CHL","Americas",0.819,3100,13782297,1,0,0
1992,"Denmark","DNK","Europe",0.908,28700,5171370,1,0,0
1992,"France","FRA","Europe",0.878,23840,58849943,1,0,142
1992,"Germany","DEU","Europe",0.893,25810,80624598,1,0,4
1992,"Hungary","HUN","Europe",0.845,NA,10369341,0,0,0
1992,"Israel","ISR","Asia",0.768,NA,5123000,0,0,0
1992,"Mexico","MEX","Americas",0.441,3860,84993164,1,0,332
1992,"Netherlands","NLD","Europe",0.863,23030,15184166,1,0,0
1992,"Norway","NOR","Europe",0.878,30780,4286401,1,0,0
1993,"Australia","AUS","Oceania",0.892,18950,17634808,1,0,72
1993,"Austria","AUT","Europe",0.86,24870,7905633,1,0,0
1993,"Belarus","BLR","Europe",0.558,1680,10239050,0,0,0
1993,"Bulgaria","BGR","Europe",0.693,1250,8472313,0,0,0
1993,"Canada","CAN","Americas",0.832,21270,28684764,1,0,0
1993,"Chile","CHL","Americas",0.817,3430,13998386,1,0,345
1993,"France","FRA","Europe",0.877,23580,59106166,1,0,32
1993,"Germany","DEU","Europe",0.893,25990,81156363,1,0,44
1993,"Ireland","IRL","Europe",0.873,14600,3576261,0,0,9
1993,"Luxembourg","LUX","Europe",0.875,40050,397475,1,0,0
1993,"Mexico","MEX","Americas",0.455,4700,86648447,1,0,412
1993,"Mongolia","MNG","Asia",0.71,510,2270311,0,0,21
1993,"Netherlands","NLD","Europe",0.863,23540,15290368,1,0,2
1993,"Norway","NOR","Europe",0.879,30210,4311991,1,0,0
1993,"South Africa","ZAF","Africa",0.265,3440,42525440,1,0,57
1993,"Switzerland","CHE","Europe",0.886,NA,6938265,1,6.76473324000834,8
1994,"Australia","AUS","Oceania",0.891,18930,17805468,1,0,144
1994,"Austria","AUT","Europe",0.859,26140,7936118,1,0,0
1994,"Canada","CAN","Americas",0.839,20890,29000663,1,0,0
1994,"France","FRA","Europe",0.877,24380,59327585,1,0,26
1994,"Germany","DEU","Europe",0.894,27530,81438348,1,0,52
1994,"Japan","JPN","Asia",0.844,37630,125178000,0,0,30
1994,"Mexico","MEX","Americas",0.474,5600,88314424,1,0,0
1994,"Mongolia","MNG","Asia",0.71,420,2301510,0,0,15
1994,"Netherlands","NLD","Europe",0.861,24850,15382838,1,0,0
1994,"Poland","POL","Europe",0.888,2760,38542652,0,0,2
1994,"South Africa","ZAF","Africa",0.39,3610,43267982,1,0,6
1994,"Spain","ESP","Europe",0.89,14470,39549108,1,0,126
1994,"Switzerland","CHE","Europe",0.886,NA,6993795,1,2.26086619496346,0
1995,"Austria","AUT","Europe",0.856,28190,7948278,1,2.01122019812465,8
1995,"Belarus","BLR","Europe",0.499,1370,10193831,0,0,13
1995,"Belgium","BEL","Europe",0.881,27070,10136811,1,2.08689944446086,24
1995,"Canada","CAN","Americas",0.839,20850,29302311,1,0,8
1995,"Chile","CHL","Americas",0.856,4410,14416796,1,0,66
1995,"Cyprus","CYP","Asia",0.774,12810,862418,0,1.9133333787322,6
1995,"France","FRA","Europe",0.875,25740,59543659,1,1.77579726278782,48
1995,"Georgia","GEO","Asia",0.365,550,4657722,1,0,3
1995,"Germany","DEU","Europe",0.896,29520,81678051,1,4.00895813852549,20
1995,"Greece","GRC","Europe",0.888,NA,10562153,1,5.48595495522022,156
1995,"Iceland","ISL","Europe",0.869,NA,267468,0,0,102
1995,"Israel","ISR","Asia",0.772,NA,5545000,0,0,0
1995,"Japan","JPN","Asia",0.844,42840,125472000,0,0,15900
1995,"Luxembourg","LUX","Europe",0.875,45760,408625,1,1.97238519787788,0
1995,"Mexico","MEX","Americas",0.493,5160,89969572,1,0,1196
1995,"Netherlands","NLD","Europe",0.86,27110,15459006,1,1.94815088808537,3
1995,"Norway","NOR","Europe",0.88,32690,4359184,1,1.86500059068203,3
1995,"Peru","PER","Americas",0.242,1940,24449055,1,0,80
1995,"Romania","ROU","Europe",0.561,1490,22684270,0,1,6
1995,"South Africa","ZAF","Africa",0.649,3780,43986084,1,0,621
1995,"Spain","ESP","Europe",0.89,14830,39724050,1,3.87736653536558,120
1995,"Thailand","THA","Asia",0.433,2740,59424834,1,0,516
1996,"Austria","AUT","Europe",0.863,30090,7959017,1,1.92788684740663,0
1996,"Belarus","BLR","Europe",0.447,1450,10159569,0,0,0
1996,"Canada","CAN","Americas",0.844,20820,29610218,1,0,40
1996,"Croatia","HRV","Europe",0.408,NA,4557097,0,1.37109166383743,0
1996,"Cyprus","CYP","Asia",0.774,13880,880058,0,1.92528737336397,0
1996,"France","FRA","Europe",0.881,27110,59756533,1,5.32801267504692,15
1996,"Germany","DEU","Europe",0.896,30860,81914831,1,2.02452351152897,0
1996,"Greece","GRC","Europe",0.887,NA,10608800,1,1.79020975530148,0
1996,"Hungary","HUN","Europe",0.847,4370,10311238,0,1.48315250873566,0
1996,"Iceland","ISL","Europe",0.873,NA,268916,0,0,0
1996,"Ireland","IRL","Europe",0.878,18880,3637510,0,2.22713607549667,6
1996,"Italy","ITA","Europe",0.841,21830,56860281,1,5.78121064603329,51
1996,"Japan","JPN","Asia",0.843,43940,125757000,0,0,60
1996,"Mexico","MEX","Americas",0.515,4950,91586555,1,0,64
1996,"Mongolia","MNG","Asia",0.703,540,2357033,0,0,222
1996,"Peru","PER","Americas",0.368,2140,24907304,1,0,84
1996,"Portugal","AZO","Europe",0.872,12100,10063945,0,1.63897815346718,0
1996,"Portugal","PRT","Europe",0.872,12100,10063945,0,3.27795630693436,30
1996,"Romania","ROU","Europe",0.577,1640,22619004,0,2.16326522827148,48
1996,"South Africa","ZAF","Africa",0.664,3830,44661603,1,0,294
1996,"Spain","ESP","Europe",0.891,15560,39889852,1,3.89445766061545,340
1996,"Thailand","THA","Asia",0.412,2950,60211096,1,0,200
1997,"Austria","AUT","Europe",0.863,29560,7968041,1,1.76463334262371,12
1997,"Belarus","BLR","Europe",0.371,1540,10117433,0,0,5
1997,"Bulgaria","BGR","Europe",0.709,1460,8312068,0,1.90787637978792,0
1997,"Canada","CAN","Americas",0.842,21330,29905948,1,0,20
1997,"Chile","CHL","Americas",0.856,5610,14809289,1,0,88
1997,"Croatia","HRV","Europe",0.422,5600,4534920,0,1.35763174295425,0
1997,"France","FRA","Europe",0.878,26930,59969944,1,5.38099247217178,69
1997,"Georgia","GEO","Asia",0.379,820,4349913,1,0,21
1997,"Germany","DEU","Europe",0.896,30140,82034771,1,3.98754261434078,120
1997,"Greece","GRC","Europe",0.886,NA,10661259,1,1.89588382095098,27
1997,"Hungary","HUN","Europe",0.847,4400,10290486,0,1.84206449985504,0
1997,"Israel","ISR","Asia",0.772,19770,5836000,0,0,30
1997,"Italy","ITA","Europe",0.849,22300,56890372,1,5.81759590655565,108
1997,"Japan","JPN","Asia",0.838,40760,126057000,0,0,84
1997,"Mexico","MEX","Americas",0.559,4980,93183094,1,0,2268
1997,"Netherlands","NLD","Europe",0.86,29400,15610650,1,1.95546704530716,6
1997,"Peru","PER","Americas",0.368,2270,25365386,1,0,3276
1997,"Poland","POL","Europe",0.87,4240,38649660,0,3.68358427286148,315
1997,"Portugal","AZO","Europe",0.872,12370,10108977,0,1.70775416493416,87
1997,"Portugal","PRT","Europe",0.872,12370,10108977,0,3.41550832986832,87
1997,"Romania","ROU","Europe",0.622,1590,22553978,0,2.39560437202454,96
1997,"South Africa","ZAF","Africa",0.664,3790,45285048,1,0,60
1997,"Spain","ESP","Europe",0.891,15820,40057389,1,5.81295488029718,104
1997,"Switzerland","CHE","Europe",0.89,49290,7088906,1,2.26605798304081,0
1997,"Thailand","THA","Asia",0.484,2670,60989108,1,0,424
1998,"Albania","ALB","Europe",0.394,860,3128530,0,0,0
1998,"Austria","AUT","Europe",0.861,27970,7976789,1,1.79120717942715,0
1998,"Belgium","BEL","Europe",0.882,26530,10203008,1,3.92544242739677,4
1998,"Bulgaria","BGR","Europe",0.703,1440,8256786,0,1.88611768186092,9
1998,"Canada","CAN","Americas",0.84,20900,30155173,1,0,124
1998,"Colombia","COL","Americas",0.549,2590,37944414,0,0,416
1998,"Cyprus","CYP","Asia",0.766,15490,914660,0,1.92964819818735,156
1998,"France","FRA","Europe",0.876,25820,60192790,1,3.64222252368927,45
1998,"Germany","DEU","Europe",0.897,27950,82047195,1,1.99502132087946,12
1998,"Greece","GRC","Europe",0.886,NA,10720509,1,3.62995582818985,51
1998,"Ireland","IRL","Europe",0.886,21430,3712696,0,2.22366532683372,6
1998,"Israel","ISR","Asia",0.772,19510,5971000,0,0,0
1998,"Italy","ITA","Europe",0.849,22220,56906744,1,5.84644065052271,510
1998,"Japan","JPN","Asia",0.838,35010,126400000,0,0,171
1998,"Mexico","MEX","Americas",0.602,5380,94767284,1,0,3396
1998,"Netherlands","NLD","Europe",0.851,27830,15707209,1,3.89550212025642,0
1998,"Peru","PER","Americas",0.354,2140,25818226,1,0,244
1998,"Poland","POL","Europe",0.875,4360,38663481,0,3.69443580508232,219
1998,"Portugal","AZO","Europe",0.872,12190,10160196,0,1.72717612981796,30
1998,"Romania","ROU","Europe",0.622,1580,22507344,0,10.6999998092651,333
1998,"Slovenia","SVN","Europe",0.846,11000,1981629,0,1.43122935295105,0
1998,"South Africa","ZAF","Africa",0.661,3420,45852166,1,0,172
1998,"Spain","ESP","Europe",0.891,15440,40223509,1,3.87874778360128,0
1998,"Switzerland","CHE","Europe",0.89,46130,7110001,1,2.26172269880772,0
1999,"Australia","AUS","Oceania",0.886,21610,18812264,1,10.5340316146612,32
1999,"Austria","AUT","Europe",0.86,27080,7992324,1,3.52605602145195,212
1999,"Belarus","BLR","Europe",0.332,1410,10026738,0,0,2
1999,"Belgium","BEL","Europe",0.883,25980,10226419,1,3.94188946485519,8
1999,"Bulgaria","BGR","Europe",0.715,1480,8210624,0,1.86251898109913,0
1999,"Canada","CAN","Americas",0.84,21450,30401286,1,0,28
1999,"Chile","CHL","Americas",0.85,5150,15176410,1,0,0
1999,"Colombia","COL","Americas",0.54,2360,38585033,0,0,5104
1999,"Denmark","DNK","Europe",0.906,33060,5321799,1,1.55219900608063,21
1999,"France","FRA","Europe",0.876,25420,60504420,1,14.5364978313446,438
1999,"Germany","DEU","Europe",0.897,26840,82100243,1,7.94063019752503,120
1999,"Greece","GRC","Europe",0.886,NA,10761698,1,1.82970297336578,429
1999,"Hungary","HUN","Europe",0.848,4490,10237530,0,5.55281174182892,144
1999,"Ireland","IRL","Europe",0.886,22690,3754786,0,2.48274463415146,24
1999,"Italy","ITA","Europe",0.849,21990,56916317,1,3.96725872159004,3
1999,"Japan","JPN","Asia",0.838,34320,126631000,0,0,258
1999,"Latvia","LVA","Europe",0.817,2990,2390482,0,1.51689046621323,18
1999,"Lithuania","LTU","Europe",0.827,2980,3524238,0,4,102
1999,"Netherlands","NLD","Europe",0.868,28150,15812088,1,1.94934669137001,39
1999,"Peru","PER","Americas",0.354,2020,26252239,1,0,460
1999,"Poland","POL","Europe",0.875,4440,38660271,0,4.00758334994316,471
1999,"Romania","ROU","Europe",0.622,1610,22472040,0,6.87425136566164,102
1999,"South Africa","ZAF","Africa",0.705,3330,46364681,1,0,228
1999,"Spain","ESP","Europe",0.891,15480,40386875,1,5.80863372981548,24
1999,"Spain","SPI","Africa",0.891,15480,40386875,1,1.93621124327183,0
1999,"Sweden","SWE","Europe",0.914,31300,8857874,0,1.91011544317007,9
1999,"Switzerland","CHE","Europe",0.889,44190,7143991,1,6.79612125456332,180
1999,"Thailand","THA","Asia",0.516,1980,62442651,1,0,44
2000,"Australia","AUS","Oceania",0.0887,21300,19028802,1,12.6120328456163,4
2000,"Austria","AUT","Europe",0.086,26810,8011566,1,3.67325887084007,52
2000,"Belarus","BLR","Europe",0.0297,1380,9979610,0,0,0
2000,"Bulgaria","BGR","Europe",0.0717,1660,8170172,0,7.10455214977264,42
2000,"Canada","CAN","Americas",0.084,22740,30685730,1,0,44
2000,"Chile","CHL","Americas",0.0879,5080,15351799,1,0,32
2000,"Colombia","COL","Americas",0.0552,2360,39215135,0,0,460
2000,"Croatia","HRV","Europe",0.077,5300,4468302,0,4.10111010074615,123
2000,"Cyprus","CYP","Asia",0.0798,14180,948237,0,5.78947386145592,15
2000,"France","FRA","Europe",0.0876,24990,60921384,1,12.9376217126846,33
2000,"Georgia","GEO","Asia",0.0375,790,4077131,1,0,0
2000,"Greece","GRC","Europe",0.0885,NA,10805808,1,11.1346152126789,111
2000,"Hungary","HUN","Europe",0.0848,4620,10210971,0,1.91393166780472,3
2000,"Iceland","ISL","Europe",0.0871,31540,281205,0,0,0
2000,"Ireland","IRL","Europe",0.0891,24130,3805174,0,4.40795332193375,9
2000,"Israel","ISR","Asia",0.0772,19990,6289000,0,5.83790680021048,45
2000,"Italy","ITA","Europe",0.0845,21910,56942108,1,7.82211923599244,138
2000,"Japan","JPN","Asia",0.084,36810,126843000,0,0,96
2000,"Kazakhstan","KAZ","Asia",0.0271,1270,14883626,0,2.03750348091126,0
2000,"Latvia","LVA","Europe",0.0817,3320,2367550,0,1.40254777669907,0
2000,"Mongolia","MNG","Asia",0.0677,460,2450979,0,0,69
2000,"Norway","NOR","Europe",0.0889,36600,4490967,1,1.83492060005665,0
2000,"Peru","PER","Americas",0.0416,1960,26654439,1,0,132
2000,"Poland","POL","Europe",0.0876,4670,38258629,0,1.98858563601971,252
2000,"Portugal","PRT","Europe",0.0876,12180,10289898,0,1.77214451134205,12
2000,"Romania","ROU","Europe",0.0614,1710,22442971,0,5,87
2000,"South Africa","ZAF","Africa",0.0745,3280,46813266,1,0,1100
2000,"Spain","ESP","Europe",0.0891,15790,40567864,1,9.58424046635628,152
2000,"Switzerland","CHE","Europe",0.0888,44580,7184250,1,2.23389737308025,64
2000,"Thailand","THA","Asia",0.0513,1980,63066603,1,0,396
2000,"Ukraine","UKR","Europe",0.0385,680,49176500,1,0,10
2001,"Australia","AUS","Oceania",0.885,20330,19274701,1,18.3635781258345,24
2001,"Bulgaria","BGR","Europe",0.698,1770,8009142,0,3.54908108711243,6
2001,"Canada","CAN","Americas",0.837,23120,31020902,1,0,48
2001,"Chile","CHL","Americas",0.879,4830,15523978,1,0,12
2001,"Croatia","HRV","Europe",0.774,5360,4299642,0,1.43346786499023,0
2001,"France","FRA","Europe",0.876,23870,61367388,1,12.8586490899324,51
2001,"Georgia","GEO","Asia",0.384,780,4014373,1,0,0
2001,"Germany","DEU","Europe",0.897,24770,82349925,1,1.95907324552536,24
2001,"Greece","GRC","Europe",0.893,NA,10862132,1,5.4470247477293,33
2001,"Hungary","HUN","Europe",0.848,4790,10187576,0,3.75110477209091,243
2001,"Italy","ITA","Europe",0.836,21190,56974100,1,7.9387543797493,6
2001,"Japan","JPN","Asia",0.842,37380,127149000,0,0,75
2001,"Kazakhstan","KAZ","Asia",0.259,1360,14858335,0,2.11791324615478,6
2001,"Latvia","LVA","Europe",0.817,3600,2337170,0,1.49341779947281,63
2001,"Lithuania","LTU","Europe",0.82,3450,3470818,0,2,60
2001,"Mongolia","MNG","Asia",0.661,470,2472601,0,0,48
2001,"New Zealand","NZL","Oceania",0.885,13800,3880500,1,0,0
2001,"Norway","NOR","Europe",0.889,38280,4513751,1,1.79144328832626,0
2001,"Peru","PER","Americas",0.728,1880,27014909,1,0,744
2001,"Poland","POL","Europe",0.88,4710,38248076,0,3.79970616102219,891
2001,"Portugal","PRT","Europe",0.878,11850,10362722,0,3.45717775821686,18
2001,"Romania","ROU","Europe",0.594,1760,22131970,0,3,51
2001,"South Africa","ZAF","Africa",0.745,3080,47229714,1,11.1090324819088,200
2001,"Spain","ESP","Europe",0.891,15540,40850412,1,3.82508361339569,48
2001,"Spain","SPI","Africa",0.891,15540,40850412,1,1.91254180669784,28
2001,"Switzerland","CHE","Europe",0.888,42010,7229854,1,2.2312939465046,0
2001,"Thailand","THA","Asia",0.559,1960,63649892,1,0,378
2001,"Uganda","UGA","Africa",0.282,240,24763325,0,0,52
2001,"Ukraine","UKR","Europe",0.379,720,48662400,1,0,27
2002,"Albania","ALB","Europe",0.484,1370,3051010,0,0,7
2002,"Australia","AUS","Oceania",0.88,20210,19495210,1,9.66120824217796,8
2002,"Austria","AUT","Europe",0.86,25030,8081957,1,5.15204639732838,48
2002,"Belgium","BEL","Europe",0.885,24060,10332785,1,10.0298554450273,28
2002,"Bulgaria","BGR","Europe",0.723,1970,7837161,0,1.7514840811491,3
2002,"Canada","CAN","Americas",0.831,23590,31360079,1,0,8
2002,"Chile","CHL","Americas",0.878,4570,15693790,1,0,38
2002,"Costa Rica","CRI","Americas",0.899,3750,4122623,0,0,30
2002,"Denmark","DNK","Europe",0.909,30850,5375931,1,1.45950448513031,3
2002,"El Salvador","SLV","Americas",0.547,1990,6011275,0,3,21
2002,"France","FRA","Europe",0.878,23150,61816234,1,9.39229033887386,84
2002,"Georgia","GEO","Asia",0.382,840,3978515,1,0,18
2002,"Germany","DEU","Europe",0.897,23680,82488495,1,9.80369091033936,196
2002,"Greece","GRC","Europe",0.893,NA,10902022,1,10.2857145667076,6
2002,"Hungary","HUN","Europe",0.849,5290,10158608,0,1.8663926422596,0
2002,"Ireland","IRL","Europe",0.89,24920,3931947,0,2.22420397400856,0
2002,"Italy","ITA","Europe",0.84,20770,57059007,1,15.8274258375168,111
2002,"Japan","JPN","Asia",0.842,35360,127445000,0,0,21
2002,"Mauritius","MUS","Africa",0.738,3960,1204621,0,1.14420107007027,12
2002,"Mongolia","MNG","Asia",0.669,520,2494617,0,2.16912817955018,9
2002,"Netherlands","NLD","Europe",0.856,26390,16148929,1,1.89997461438179,12
2002,"New Zealand","NZL","Oceania",0.884,14170,3948500,1,0,0
2002,"Peru","PER","Americas",0.798,1940,27334503,1,0,328
2002,"Poland","POL","Europe",0.881,4900,38230364,0,5.74882087111473,576
2002,"Portugal","PRT","Europe",0.883,11780,10419631,0,1.72927182912827,3
2002,"Romania","ROU","Europe",0.594,1950,21730496,0,4,57
2002,"South Africa","ZAF","Africa",0.745,2890,47661514,1,16.9294880703092,504
2002,"Spain","ESP","Europe",0.891,15630,41431558,1,1.90164171159267,24
2002,"Spain","SPI","Africa",0.891,15630,41431558,1,1.90164171159267,64
2002,"Sweden","SWE","Europe",0.914,29090,8924958,0,3.78205356001854,3
2002,"Switzerland","CHE","Europe",0.888,40640,7284753,1,6.54998369514942,20
2002,"Thailand","THA","Asia",0.551,1980,64222580,1,0,570
2002,"Uganda","UGA","Africa",0.27,250,25545090,0,0,192
2003,"Australia","AUS","Oceania",0.88,21380,19720737,1,21.3695873767138,24
2003,"Austria","AUT","Europe",0.859,28100,8121423,1,1.64551684260368,1380
2003,"Belgium","BEL","Europe",0.886,27100,10376133,1,4.05824990570545,4700
2003,"Canada","CAN","Americas",0.831,25480,31644028,1,0,200
2003,"Chile","CHL","Americas",0.878,4620,15859112,1,0,0
2003,"Colombia","COL","Americas",0.536,2400,41057687,0,0,345
2003,"Costa Rica","CRI","Americas",0.899,4000,4188610,0,0,9
2003,"Croatia","HRV","Europe",0.777,6700,4303399,0,4.5095032453537,2364
2003,"Cyprus","CYP","Asia",0.804,16710,1000350,0,1.91428572684526,0
2003,"El Salvador","SLV","Americas",0.547,2110,6026849,0,1,912
2003,"France","FRA","Europe",0.879,26000,62256970,1,13.0895431637764,58536
2003,"Germany","DEU","Europe",0.897,26140,82534176,1,7.83362889289856,37480
2003,"Greece","GRC","Europe",0.893,NA,10928070,1,6.9215190410614,0
2003,"Honduras","HND","Americas",0.569,1110,7201881,0,0,30
2003,"Hungary","HUN","Europe",0.849,6630,10129552,0,3.68531739711761,21
2003,"Ireland","IRL","Europe",0.89,29980,3996521,0,2.12472340464592,0
2003,"Italy","ITA","Europe",0.84,23410,57313203,1,9.95778195559978,60276
2003,"Japan","JPN","Asia",0.841,35660,127718000,0,0,138
2003,"Kazakhstan","KAZ","Asia",0.25,1810,14909019,0,1.136350274086,6
2003,"Latvia","LVA","Europe",0.822,4670,2287955,0,1.42199313640595,45
2003,"Luxembourg","LUX","Europe",0.877,46050,451630,1,1.78476813435555,510
2003,"Mongolia","MNG","Asia",0.67,600,2516454,0,0,45
2003,"Netherlands","NLD","Europe",0.863,30290,16225302,1,1.93307842314243,2895
2003,"New Zealand","NZL","Oceania",0.883,16990,4027200,1,0,6
2003,"Peru","PER","Americas",0.798,2060,27623341,1,0,1444
2003,"Portugal","PRT","Europe",0.883,13290,10458821,0,5.16420435905456,8130
2003,"Romania","ROU","Europe",0.601,2250,21574326,0,3,9
2003,"Slovenia","SVN","Europe",0.846,12630,1995733,0,1.47562336921692,867
2003,"South Africa","ZAF","Africa",0.745,3180,48104048,1,5.97348574083298,8
2003,"Spain","ESP","Europe",0.876,18080,42187645,1,5.74588436633348,60380
2003,"Sweden","SWE","Europe",0.915,32750,8958229,0,1.84360891580582,0
2003,"Switzerland","CHE","Europe",0.888,46660,7339001,1,6.52983874082565,4156
2003,"Thailand","THA","Asia",0.552,2170,64776956,1,0,54
2003,"Uganda","UGA","Africa",0.265,250,26354736,0,0,120
2003,"Ukraine","UKR","Europe",0.388,980,47812949,1,1.39305341243744,0
2004,"Albania","ALB","Europe",0.49,2100,3026939,0,0,3
2004,"Australia","AUS","Oceania",0.88,25850,19932722,1,13.1926378756762,24
2004,"Canada","CAN","Americas",0.83,29530,31940655,1,0,0
2004,"Chile","CHL","Americas",0.878,5260,16017966,1,0,6
2004,"Colombia","COL","Americas",0.54,2640,41648268,0,0,348
2004,"Costa Rica","CRI","Americas",0.897,4350,4252800,0,0,30
2004,"Cyprus","CYP","Asia",0.823,20260,1018684,0,1.93261457234621,0
2004,"France","FRA","Europe",0.879,31450,62716306,1,1.88528381288052,33
2004,"Georgia","GEO","Asia",0.55,1210,3927340,1,0,3
2004,"Germany","DEU","Europe",0.897,31670,82516260,1,3.93206730484962,8
2004,"Greece","GRC","Europe",0.893,NA,10955141,1,3.40061801671982,0
2004,"Honduras","HND","Americas",0.569,1190,7383407,0,0,0
2004,"Hungary","HUN","Europe",0.849,8650,10107146,0,1.83930107951164,0
2004,"Ireland","IRL","Europe",0.89,37840,4070262,0,1.98260733485222,0
2004,"Italy","ITA","Europe",0.84,28360,57685327,1,1.99826407432556,6
2004,"Japan","JPN","Asia",0.841,39000,127761000,0,0,813
2004,"Kazakhstan","KAZ","Asia",0.247,2300,15012984,0,0.88054370880127,96
2004,"New Zealand","NZL","Oceania",0.883,21530,4087500,1,0,12
2004,"Peru","PER","Americas",0.799,2260,27893911,1,0,404
2004,"Poland","POL","Europe",0.881,6260,38182222,0,1.91281859576702,0
2004,"Portugal","PRT","Europe",0.883,16190,10483861,0,3.36234748363495,6
2004,"Romania","ROU","Europe",0.59,2960,21451748,0,6,147
2004,"Slovenia","SVN","Europe",0.828,15610,1997012,0,1.44994246959686,3
2004,"South Africa","ZAF","Africa",0.76,4070,48556071,1,5.42567619681358,20
2004,"Spain","ESP","Europe",0.874,22130,42921895,1,5.78368639200926,116
2004,"Spain","SPI","Africa",0.874,22130,42921895,1,1.92789546400309,52
2004,"Thailand","THA","Asia",0.548,2520,65311166,1,0,25125
2004,"Uganda","UGA","Africa",0.274,280,27146084,0,0,6
2005,"Australia","AUS","Oceania",0.877,30740,20176844,1,7.80341535806656,64
2005,"Austria","AUT","Europe",0.862,38770,8227829,1,5.04513940215111,16
2005,"Belgium","BEL","Europe",0.881,37780,10478617,1,6.10397506132722,8
2005,"Bosnia and Herzegovina","BIH","Europe",0.642,2810,4094297,1,0,12
2005,"Bulgaria","BGR","Europe",0.7,3800,7658972,0,10.9741936326027,117
2005,"Canada","CAN","Americas",0.828,34310,32243753,1,0,16
2005,"Chile","CHL","Americas",0.876,6270,16175311,1,0,183
2005,"Colombia","COL","Americas",0.545,3030,42220940,0,0,540
2005,"Costa Rica","CRI","Americas",0.897,4610,4315887,0,0,18
2005,"Croatia","HRV","Europe",0.777,10210,4310145,0,4.38686621189117,21
2005,"Denmark","DNK","Europe",0.919,49610,5419432,1,1.53944978117943,12
2005,"El Salvador","SLV","Americas",0.546,2420,6037817,0,6,360
2005,"Estonia","EST","Europe",0.871,9730,1354775,0,1.52711701393127,0
2005,"Finland","FIN","Europe",0.875,40230,5246096,1,1.4235976934433,0
2005,"France","FRA","Europe",0.879,35920,63188395,1,9.51944410800934,39
2005,"Georgia","GEO","Asia",0.55,1520,3902469,1,0,0
2005,"Germany","DEU","Europe",0.897,35770,82469422,1,7.88868916034699,16
2005,"Honduras","HND","Americas",0.563,1270,7564613,0,0,183
2005,"Hungary","HUN","Europe",0.849,10380,10087065,0,7.95953810214997,156
2005,"Ireland","IRL","Europe",0.89,44640,4159914,0,1.94257238507271,0
2005,"Italy","ITA","Europe",0.847,32480,57969484,1,1.97379682958126,27
2005,"Japan","JPN","Asia",0.845,41280,127773000,0,12.6274142861366,408
2005,"Kazakhstan","KAZ","Asia",0.238,2930,15147029,0,0,0
2005,"Kenya","KEN","Africa",0.512,520,35843010,1,0,212
2005,"Latvia","LVA","Europe",0.822,7390,2238799,0,2.44702339172363,0
2005,"Lithuania","LTU","Europe",0.825,7560,3322528,0,2.67472863197327,0
2005,"Netherlands","NLD","Europe",0.864,41960,16319868,1,5.83945217728615,0
2005,"New Zealand","NZL","Oceania",0.883,25450,4133900,1,0,0
2005,"Norway","NOR","Europe",0.892,64050,4623291,1,1.81225447356701,0
2005,"Paraguay","PRY","Americas",0.597,1620,5476878,0,0,0
2005,"Peru","PER","Americas",0.799,2520,28147267,1,0,20
2005,"Poland","POL","Europe",0.882,7330,38165445,0,7.4979784488678,579
2005,"Portugal","PRT","Europe",0.895,18600,10503330,0,3.42821902036667,1431
2005,"Romania","ROU","Europe",0.608,3880,21319685,0,12.100302696228,285
2005,"Slovenia","SVN","Europe",0.824,18310,2000474,0,1.49310463666916,0
2005,"South Africa","ZAF","Africa",0.773,5480,49017147,1,1.37680725380778,8
2005,"Spain","ESP","Europe",0.876,25910,43653155,1,3.8477371931076,80
2005,"Spain","SPI","Africa",0.876,25910,43653155,1,1.9238685965538,76
2005,"Sweden","SWE","Europe",0.915,45770,9029572,0,3.448790371418,21
2005,"Switzerland","CHE","Europe",0.888,62770,7437115,1,4.10469636321068,24
2005,"Thailand","THA","Asia",0.525,2780,65821360,1,0,258
2005,"Uganda","UGA","Africa",0.306,310,27946588,0,0,42
2005,"Ukraine","UKR","Europe",0.447,1540,47105171,1,1.37079918384552,0
2006,"Australia","AUS","Oceania",0.877,34600,20450966,1,15.3769142627716,16
2006,"Austria","AUT","Europe",0.865,41500,8268641,1,1.70268937945366,0
2006,"Belarus","BLR","Europe",0.227,3510,9604924,0,1.00114897452295,15
2006,"Belgium","BEL","Europe",0.886,39940,10547958,1,2.02637736871839,3760
2006,"Bulgaria","BGR","Europe",0.702,4300,7601022,0,6.75014305114746,54
2006,"Canada","CAN","Americas",0.836,37900,32571174,1,0,4
2006,"Chile","CHL","Americas",0.89,7430,16334575,1,0,54
2006,"Colombia","COL","Americas",0.568,3540,42772910,0,0,450
2006,"Croatia","HRV","Europe",0.779,11240,4311159,0,1.4401388168335,0
2006,"El Salvador","SLV","Americas",0.563,2590,6034436,0,0,3
2006,"Estonia","EST","Europe",0.871,11500,1346810,0,1.60651159286499,9
2006,"France","FRA","Europe",0.879,37880,63628261,1,5.65730345249176,4179
2006,"Georgia","GEO","Asia",0.549,1910,3880347,1,1,0
2006,"Germany","DEU","Europe",0.907,38270,82376451,1,11.6582959592342,92
2006,"Greece","GRC","Europe",0.893,24570,11020362,1,4.73646640777588,12
2006,"Honduras","HND","Americas",0.516,1340,7745200,0,0,12
2006,"Hungary","HUN","Europe",0.835,11240,10071370,0,3.98347502946854,15
2006,"Italy","ITA","Europe",0.856,34280,58143979,1,3.93868237733841,15
2006,"Japan","JPN","Asia",0.853,40590,127854000,0,10.5816447734833,186
2006,"Kenya","KEN","Africa",0.51,590,36925253,1,0,790
2006,"Latvia","LVA","Europe",0.814,8930,2218357,0,1.24071252346039,120
2006,"Lithuania","LTU","Europe",0.825,8800,3269909,0,1.2505065202713,0
2006,"Mauritius","MUS","Africa",0.743,5910,1233996,0,1.10677233268507,0
2006,"Netherlands","NLD","Europe",0.868,45270,16346101,1,1.93187980353832,3000
2006,"New Zealand","NZL","Oceania",0.885,26390,4184600,1,0,0
2006,"Paraguay","PRY","Americas",0.597,1970,5534675,0,0,68
2006,"Peru","PER","Americas",0.793,2780,28381078,1,0,0
2006,"Poland","POL","Europe",0.88,8420,38141267,0,1.95101398229599,0
2006,"Portugal","PRT","Europe",0.9,19410,10522288,0,3.45131528377533,123
2006,"Romania","ROU","Europe",0.612,4900,21193760,0,13.4211778640747,435
2006,"South Africa","ZAF","Africa",0.772,6180,49491756,1,2.61698445677757,48
2006,"Spain","ESP","Europe",0.877,27850,44397319,1,5.77134624123573,100
2006,"Switzerland","CHE","Europe",0.888,65290,7483934,1,4.04168862104416,4
2006,"Thailand","THA","Asia",0.236,3080,66319525,1,0,840
2006,"Uganda","UGA","Africa",0.33,350,28773227,0,0,412
2006,"Ukraine","UKR","Europe",0.57,1950,46787786,1,3.81862413883209,2409
2007,"Australia","AUS","Oceania",0.88,37390,20827622,1,3.60483628511429,44
2007,"Austria","AUT","Europe",0.873,44540,8295487,1,3.37614431977272,20
2007,"Belarus","BLR","Europe",0.224,4310,9560953,0,1.00010224553989,0
2007,"Belgium","BEL","Europe",0.892,42740,10625700,1,2.02486543729901,8
2007,"Bosnia and Herzegovina","BIH","Europe",0.566,3680,4007876,1,0,0
2007,"Bulgaria","BGR","Europe",0.709,4820,7545338,0,9.93894517421722,51
2007,"Canada","CAN","Americas",0.838,41540,32889025,1,0,24
2007,"Chile","CHL","Americas",0.89,8790,16495538,1,0,54
2007,"Colombia","COL","Americas",0.582,4170,43306582,0,0,654
2007,"Costa Rica","CRI","Americas",0.906,5630,4440019,0,0,57
2007,"Croatia","HRV","Europe",0.789,12520,4310217,0,2.86665511131287,36
2007,"Cyprus","CYP","Asia",0.839,27340,1073873,0,1.90618335455656,12
2007,"Denmark","DNK","Europe",0.92,55740,5461438,1,1.38284194469452,0
2007,"El Salvador","SLV","Americas",0.567,2710,6044131,0,2,6
2007,"France","FRA","Europe",0.882,40160,64021737,1,5.75146673619747,15
2007,"Germany","DEU","Europe",0.907,40470,82266372,1,5.87307424843312,76
2007,"Greece","GRC","Europe",0.898,26370,11048473,1,6.21331870555878,258
2007,"Honduras","HND","Americas",0.515,1470,7924462,0,0,21
2007,"Hungary","HUN","Europe",0.855,11770,10055780,0,2.13519221544266,1500
2007,"Italy","ITA","Europe",0.867,35930,58438310,1,3.92017951607704,51
2007,"Japan","JPN","Asia",0.853,39310,128001000,0,16.9315963983536,261
2007,"Kenya","KEN","Africa",0.51,710,38036793,1,0,78
2007,"Mauritius","MUS","Africa",0.743,6470,1239630,0,1.10807278379798,8
2007,"Netherlands","NLD","Europe",0.873,48620,16381696,1,1.96205151081085,21
2007,"New Zealand","NZL","Oceania",0.885,28150,4223800,1,0,0
2007,"Paraguay","PRY","Americas",0.597,2490,5590145,0,0,32
2007,"Peru","PER","Americas",0.799,3180,28600387,1,0,2708
2007,"Poland","POL","Europe",0.875,9930,38120560,0,3.74052387475967,57
2007,"Romania","ROU","Europe",0.612,6510,20882982,0,10.4547439813614,240
2007,"Slovenia","SVN","Europe",0.828,21800,2018122,0,3.37729966640473,18
2007,"South Africa","ZAF","Africa",0.772,6510,49996094,1,0,192
2007,"Spain","ESP","Europe",0.876,29770,45226803,1,7.6994718015194,24
2007,"Spain","SPI","Africa",0.876,29770,45226803,1,1.92486795037985,0
2007,"Switzerland","CHE","Europe",0.89,64120,7551117,1,6.11033868044615,4
2007,"Thailand","THA","Asia",0.184,3490,66826754,1,0,159
2007,"Uganda","UGA","Africa",0.331,380,29629804,0,0,330
2007,"Ukraine","UKR","Europe",0.601,2590,46509355,1,2.52499759197235,0
2008,"Australia","AUS","Oceania",0.888,42410,21249199,1,9.2970634251833,32
2008,"Austria","AUT","Europe",0.874,49210,8321496,1,1.6102996468544,16
2008,"Belgium","BEL","Europe",0.898,46570,10709973,1,1.98857975006103,0
2008,"Bulgaria","BGR","Europe",0.715,6070,7492561,0,1.82513396441936,30
2008,"Canada","CAN","Americas",0.835,44930,33247118,1,0,0
2008,"Chile","CHL","Americas",0.89,10060,16661462,1,0,27
2008,"Colombia","COL","Americas",0.581,4770,43815313,0,0,459
2008,"Costa Rica","CRI","Americas",0.906,6350,4501921,0,0,33
2008,"El Salvador","SLV","Americas",0.568,2900,6068099,0,2,90
2008,"France","FRA","Europe",0.889,43540,64379696,1,5.73211593925953,15
2008,"Germany","DEU","Europe",0.907,43650,82110097,1,3.90611487627029,32
2008,"Greece","GRC","Europe",0.902,28710,11077841,1,1.5202365219593,6
2008,"Honduras","HND","Americas",0.516,1610,8101777,0,0,201
2008,"Hungary","HUN","Europe",0.855,13250,10038188,0,1.77488875389099,51
2008,"Indonesia","IDN","Asia",0.708,1920,237936543,1,19.5743172764778,288
2008,"Italy","ITA","Europe",0.858,37980,58826731,1,5.76638303697109,27
2008,"Japan","JPN","Asia",0.85,39380,128063000,0,8.44832175970077,228
2008,"Kazakhstan","KAZ","Asia",0.242,6110,15776938,0,0,3
2008,"Kenya","KEN","Africa",0.413,830,39186895,1,0,224
2008,"Mexico","MEX","Americas",0.642,10330,109684489,1,0,144
2008,"Mongolia","MNG","Asia",0.661,1800,2633887,0,0,156
2008,"Netherlands","NLD","Europe",0.873,51670,16445593,1,1.97901137173176,0
2008,"Norway","NOR","Europe",0.895,87850,4768212,1,1.72953712940216,0
2008,"Paraguay","PRY","Americas",0.62,3300,5645148,0,0,48
2008,"Peru","PER","Americas",0.801,3760,28806185,1,0,160
2008,"Poland","POL","Europe",0.889,11940,38125759,0,3.74664279818535,252
2008,"Portugal","PRT","Europe",0.896,22640,10558177,0,1.75573414564133,6
2008,"Romania","ROU","Europe",0.622,8800,20537875,0,3.55615705251694,15
2008,"South Africa","ZAF","Africa",0.772,6560,50565812,1,5.34252865612507,460
2008,"Thailand","THA","Asia",0.406,3920,67328239,1,0,117
2008,"Uganda","UGA","Africa",0.332,430,30509862,0,0,154
2008,"Ukraine","UKR","Europe",0.609,3210,46258189,1,1.19333016872406,114
2009,"Australia","AUS","Oceania",0.888,44100,21691653,1,11.0441835522652,2140
2009,"Austria","AUT","Europe",0.876,49150,8343323,1,6.20546823740005,12
2009,"Belgium","BEL","Europe",0.898,46980,10796493,1,1.98061698675156,4
2009,"Bosnia and Herzegovina","BIH","Europe",0.564,4790,3877750,1,0,3
2009,"Canada","CAN","Americas",0.835,43230,33628895,1,0,8
2009,"Colombia","COL","Americas",0.585,5190,44313917,0,0,159
2009,"Costa Rica","CRI","Americas",0.906,6480,4563127,0,0,93
2009,"El Salvador","SLV","Americas",0.601,2850,6091188,0,4.98513007164001,846
2009,"France","FRA","Europe",0.889,44070,64710879,1,9.62071150541306,54
2009,"Georgia","GEO","Asia",0.488,2950,3814419,1,1.75021752715111,0
2009,"Germany","DEU","Europe",0.902,43660,81902307,1,7.54126369953156,64
2009,"Greece","GRC","Europe",0.902,29420,11107017,1,3.19022530317306,0
2009,"Honduras","HND","Americas",0.442,1650,8277302,0,0,42
2009,"Indonesia","IDN","Asia",0.695,2130,240981299,1,14.7498757839203,2970
2009,"Ireland","IRL","Europe",0.9,46810,4535375,0,1.89628705382347,0
2009,"Italy","ITA","Europe",0.853,37990,59095365,1,9.59348991513252,1005
2009,"Japan","JPN","Asia",0.851,39230,128047000,0,11.6438725590706,231
2009,"Kenya","KEN","Africa",0.413,830,40364444,1,0,614
2009,"Mexico","MEX","Americas",0.646,9310,111049428,1,0,128
2009,"Mongolia","MNG","Asia",0.66,1790,2666713,0,0,93
2009,"Paraguay","PRY","Americas",0.634,3720,5702574,0,0,32
2009,"Peru","PER","Americas",0.802,3940,29009326,1,0,2308
2009,"Poland","POL","Europe",0.889,12490,38151603,0,5.75049309432506,921
2009,"Portugal","PRT","Europe",0.897,22990,10568247,0,1.80045191943645,0
2009,"Romania","ROU","Europe",0.669,9220,20367487,0,7.56586909294128,195
2009,"South Africa","ZAF","Africa",0.77,6420,51170779,1,6.22010415792465,132
2009,"Spain","ESP","Europe",0.887,32560,46362946,1,3.79652510583401,80
2009,"Switzerland","CHE","Europe",0.898,71800,7743831,1,1.93756324052811,0
2009,"Thailand","THA","Asia",0.422,4080,67813654,1,0,45
2009,"Tunisia","TUN","Africa",0.19,3970,10784504,0,0,34
2009,"Uganda","UGA","Africa",0.332,550,31412520,0,0,34
2009,"Ukraine","UKR","Europe",0.608,2840,46053331,1,2.56286442279816,96
2010,"Australia","AUS","Oceania",0.0897,46750,22031750,1,14.4091868400574,144
2010,"Belgium","BEL","Europe",0.0898,47080,10895586,1,5.54920645058155,16
2010,"Bosnia and Herzegovina","BIH","Europe",0.0573,4820,3811088,1,0,15
2010,"Brazil","BRA","Americas",0.0867,9610,196353492,1,0,1580
2010,"Bulgaria","BGR","Europe",0.068,7010,7395599,0,3.69558733701706,9
2010,"Canada","CAN","Americas",0.0835,44490,34004889,1,0,0
2010,"Chile","CHL","Americas",0.089,10840,17004162,1,0,1686
2010,"Colombia","COL","Americas",0.0622,5680,44816108,0,0,1872
2010,"Costa Rica","CRI","Americas",0.091,7190,4622252,0,0,81
2010,"Croatia","HRV","Europe",0.0847,13850,4295427,0,4.22955018281937,0
2010,"Denmark","DNK","Europe",0.0919,61220,5547683,1,1.58748486638069,0
2010,"El Salvador","SLV","Americas",0.0618,2910,6114034,0,4.51246520876884,51
2010,"France","FRA","Europe",0.0889,43970,65030575,1,7.66782635450363,243
2010,"Germany","DEU","Europe",0.09,44680,81776930,1,7.62632942199707,32
2010,"Greece","GRC","Europe",0.0907,27610,11121341,1,1.61041185259819,3
2010,"Honduras","HND","Americas",0.041,1710,8450933,0,0,633
2010,"Hungary","HUN","Europe",0.0808,13260,10000023,0,1.80397841334343,3
2010,"Iceland","ISL","Europe",0.0883,36270,318041,0,1.47698962688446,0
2010,"Indonesia","IDN","Asia",0.0696,2510,244016173,1,14.5687007904053,2588
2010,"Israel","ISR","Asia",0.0751,30350,7623600,0,3.66596782207489,138
2010,"Italy","ITA","Europe",0.0853,37960,59277417,1,5.81705398857594,9
2010,"Japan","JPN","Asia",0.085,43910,128070000,0,3.96709382534027,540
2010,"Kazakhstan","KAZ","Asia",0.0239,7440,16321872,0,3.44029343128205,132
2010,"Kenya","KEN","Africa",0.0423,930,41517895,1,0,522
2010,"Lithuania","LTU","Europe",0.0848,12570,3097282,0,3.70570960640907,27
2010,"Luxembourg","LUX","Europe",0.0881,77640,506953,1,1.69294214248657,0
2010,"Mexico","MEX","Americas",0.0651,9560,112532401,1,0,728
2010,"Netherlands","NLD","Europe",0.0876,53430,16615394,1,1.96489205956459,0
2010,"New Zealand","NZL","Oceania",0.0901,29670,4350700,1,1.2513335943222,0
2010,"Paraguay","PRY","Americas",0.0641,4390,5768613,0,0,48
2010,"Peru","PER","Americas",0.0808,4380,29229572,1,0,2040
2010,"Poland","POL","Europe",0.0889,12670,38042794,0,5.56736992299557,657
2010,"Portugal","PRT","Europe",0.0898,23030,10573100,0,5.45773404836655,138
2010,"Romania","ROU","Europe",0.0681,8710,20246871,0,3.32260513305664,234
2010,"South Africa","ZAF","Africa",0.0771,6810,51784921,1,1.59011140465737,160
2010,"Spain","ESP","Europe",0.0891,31970,46576897,1,3.79777915775776,20
2010,"Switzerland","CHE","Europe",0.0898,79040,7824909,1,3.92115953564644,0
2010,"Thailand","THA","Asia",0.0416,4510,68270489,1,0,780
2010,"Uganda","UGA","Africa",0.033,680,32341728,0,0,872
2010,"Ukraine","UKR","Europe",0.0491,3030,45870741,1,1.20182007551193,18
2011,"Australia","AUS","Oceania",0.902,50410,22340024,1,5.07833155989647,4
2011,"Belgium","BEL","Europe",0.898,46490,11038264,1,3.52906167507172,20
2011,"Brazil","BRA","Americas",0.872,11040,198185302,1,0,3912
2011,"Canada","CAN","Americas",0.812,47190,34339328,1,0,32
2011,"Chile","CHL","Americas",0.891,11980,17173573,1,0,3
2011,"Colombia","COL","Americas",0.659,6370,45308899,0,0,939
2011,"Costa Rica","CRI","Americas",0.91,8020,4679926,0,0,12
2011,"El Salvador","SLV","Americas",0.618,3100,6137349,0,1,105
2011,"France","FRA","Europe",0.89,44440,65345233,1,3.91071254014969,18
2011,"Georgia","GEO","Asia",0.503,3520,3756441,1,1.7770758420229,21
2011,"Germany","DEU","Europe",0.904,47320,80274983,1,1.88104163110256,16
2011,"Honduras","HND","Americas",0.421,1850,8622504,0,0,99
2011,"Indonesia","IDN","Asia",0.696,2990,247099697,1,14.8109092712402,258
2011,"Ireland","IRL","Europe",0.899,42410,4580084,0,1.81642180681229,6
2011,"Italy","ITA","Europe",0.861,37980,59379449,1,7.76772338151932,87
2011,"Japan","JPN","Asia",0.85,47470,127833000,0,14.222342684865,59928
2011,"Kazakhstan","KAZ","Asia",0.234,8280,16557202,0,2.05063307285309,6
2011,"Kenya","KEN","Africa",0.425,1010,42635144,1,0,66
2011,"Mexico","MEX","Americas",0.652,9850,114150481,1,0,500
2011,"New Zealand","NZL","Oceania",0.897,32220,4384000,1,2.73574042320252,364
2011,"Norway","NOR","Europe",0.897,90920,4953088,1,1.67102792859078,12
2011,"Paraguay","PRY","Americas",0.631,4820,5843939,0,0,176
2011,"Peru","PER","Americas",0.812,4930,29477721,1,0,436
2011,"Poland","POL","Europe",0.891,12810,38063255,0,1.79473882913589,78
2011,"South Africa","ZAF","Africa",0.767,7700,52443325,1,4.6732246465981,184
2011,"Spain","ESP","Europe",0.893,31020,46742697,1,3.7840031683445,44
2011,"Switzerland","CHE","Europe",0.9,81330,7912398,1,1.99397222697735,0
2011,"Thailand","THA","Asia",0.461,4860,68712846,1,0,2769
2011,"Uganda","UGA","Africa",0.33,860,33295738,0,0,100
2011,"Uzbekistan","UZB","Asia",0.163,1730,29339400,0,1,39
2012,"Albania","ALB","Europe",0.547,4360,2900401,0,1.00156889355276,15
2012,"Australia","AUS","Oceania",0.902,60290,22733465,1,3.27338290214539,16
2012,"Austria","AUT","Europe",0.875,50100,8429991,1,1.59678088128567,20
2012,"Belarus","BLR","Europe",0.223,6630,9446836,0,1.36715590953827,0
2012,"Belgium","BEL","Europe",0.898,47130,11106932,1,1.77712604403496,12
2012,"Bosnia and Herzegovina","BIH","Europe",0.573,4900,3674374,1,0,12
2012,"Brazil","BRA","Americas",0.871,12270,199977707,1,0,12
2012,"Bulgaria","BGR","Europe",0.67,7500,7305888,0,7.35653877258301,114
2012,"Cambodia","KHM","Asia",0.305,880,14786640,0,0,28
2012,"Canada","CAN","Americas",0.807,51080,34714222,1,0,0
2012,"Chile","CHL","Americas",0.894,14310,17341771,1,0,24
2012,"Colombia","COL","Americas",0.657,7330,45782417,0,0,231
2012,"Costa Rica","CRI","Americas",0.909,9190,4736593,0,0,24
2012,"Croatia","HRV","Europe",0.855,13450,4267558,0,4.10104161500931,21
2012,"Estonia","EST","Europe",0.885,16760,1322696,0,1.47567909955978,3
2012,"France","FRA","Europe",0.893,43410,65662240,1,1.9078014343977,36
2012,"Georgia","GEO","Asia",0.514,4150,3728874,1,3.50734457373619,15
2012,"Germany","DEU","Europe",0.903,46560,80425823,1,3.64729046821594,24
2012,"Greece","GRC","Europe",0.901,23180,11045011,1,2.93307840824127,18
2012,"Honduras","HND","Americas",0.42,1930,8792367,0,0,0
2012,"Hungary","HUN","Europe",0.773,13080,9920362,0,1.71300452947617,48
2012,"Indonesia","IDN","Asia",0.696,3550,250222695,1,15.6225885748863,214
2012,"Italy","ITA","Europe",0.87,36220,59539717,1,9.65262874960899,219
2012,"Japan","JPN","Asia",0.847,50060,127629000,0,14.5334694236517,519
2012,"Kazakhstan","KAZ","Asia",0.234,9940,16792090,0,3.20578575134278,0
2012,"Kenya","KEN","Africa",0.43,1060,43725806,1,0,146
2012,"Latvia","LVA","Europe",0.824,13800,2034319,0,1.31488800048828,30
2012,"Lithuania","LTU","Europe",0.84,14100,2987773,0,3.67051303386688,90
2012,"Mexico","MEX","Americas",0.649,10590,115755909,1,0,84
2012,"Myanmar","MMR","Asia",0.302,1160,50218185,1,2,120
2012,"Netherlands","NLD","Europe",0.876,51500,16754962,1,1.96464296430349,3
2012,"New Zealand","NZL","Oceania",0.895,36700,4408100,1,1.40243852138519,6
2012,"Paraguay","PRY","Americas",0.603,5150,5923322,0,0,20
2012,"Peru","PER","Americas",0.824,5740,29749589,1,0,1196
2012,"Poland","POL","Europe",0.892,13090,38063164,0,7.25522124767304,822
2012,"Romania","ROU","Europe",0.672,9200,20058035,0,1.73147040605545,258
2012,"Slovenia","SVN","Europe",0.851,23260,2057159,0,1.75651490688324,0
2012,"South Africa","ZAF","Africa",0.772,8320,53145033,1,3.06450460851193,52
2012,"Spain","ESP","Europe",0.891,29540,46773055,1,3.77447877824306,56
2012,"Switzerland","CHE","Europe",0.905,86720,7996861,1,4.0417817234993,44
2012,"Thailand","THA","Asia",0.499,5420,69157023,1,0,0
2012,"Uganda","UGA","Africa",0.327,830,34273295,0,0,348
2012,"Ukraine","UKR","Europe",0.476,3650,45593342,1,3.65827971696854,585
2013,"Australia","AUS","Oceania",0.86,66090,23128129,1,4.90631899237633,36
2013,"Austria","AUT","Europe",0.875,50720,8479823,1,1.60707817226648,16
2013,"Belarus","BLR","Europe",0.243,7030,9443211,0,1.26676207780838,12
2013,"Belgium","BEL","Europe",0.904,47900,11159407,1,3.61962130665779,0
2013,"Brazil","BRA","Americas",0.878,12750,201721767,1,0,484
2013,"Cambodia","KHM","Asia",0.294,960,14999683,0,0,400
2013,"Canada","CAN","Americas",0.816,52800,35082954,1,0,56
2013,"Chile","CHL","Americas",0.897,15240,17509925,1,0,0
2013,"Colombia","COL","Americas",0.665,8000,46237930,0,0,392
2013,"Costa Rica","CRI","Americas",0.907,9840,4791535,0,0,9
2013,"Denmark","DNK","Europe",0.922,63200,5614932,1,3,6
2013,"El Salvador","SLV","Americas",0.627,3390,6185642,0,1.6418918967247,0
2013,"France","FRA","Europe",0.894,43800,66002289,1,5.70749607682228,12
2013,"Georgia","GEO","Asia",0.621,4530,3717668,1,5.11661222577095,0
2013,"Germany","DEU","Europe",0.899,47220,80645605,1,7.36040109395981,44
2013,"Honduras","HND","Americas",0.418,1970,8960657,0,0,81
2013,"Hungary","HUN","Europe",0.733,13520,9893082,0,5.483119815588,0
2013,"Indonesia","IDN","Asia",0.68,3710,253275918,1,18.9997978210449,346
2013,"Israel","ISR","Asia",0.741,35070,8059500,0,1.86572840809822,12
2013,"Italy","ITA","Europe",0.862,35570,60233948,1,1.94280733913183,54
2013,"Japan","JPN","Asia",0.821,48850,127445000,0,20.9157338738441,1200
2013,"Mauritius","MUS","Africa",0.746,10090,1258927,0,1.36618416756392,44
2013,"Mexico","MEX","Americas",0.619,10810,117290686,1,0,892
2013,"Myanmar","MMR","Asia",0.353,1250,50648334,1,2,69
2013,"Netherlands","NLD","Europe",0.88,51900,16804432,1,5.94081670045852,6
2013,"New Zealand","NZL","Oceania",0.889,39950,4442100,1,4.41623139381409,0
2013,"Paraguay","PRY","Americas",0.586,5950,6005652,0,0,0
2013,"Peru","PER","Americas",0.822,6360,30038809,1,0,276
2013,"Poland","POL","Europe",0.893,13230,38040196,0,3.42669665813446,87
2013,"Portugal","PRT","Europe",0.884,21380,10457295,0,5.4377649128437,30
2013,"Romania","ROU","Europe",0.669,9390,19983693,0,1.56060430407524,27
2013,"South Africa","ZAF","Africa",0.759,8050,53873616,1,1.5854662284255,12
2013,"Spain","ESP","Europe",0.874,29230,46620045,1,3.80254271626472,0
2013,"Sweden","SWE","Europe",0.917,61800,9600379,0,1.8282160460949,21
2013,"Switzerland","CHE","Europe",0.905,90590,8089346,1,4.0661384165287,0
2013,"Thailand","THA","Asia",0.435,5610,69578602,1,3,252
2013,"Uganda","UGA","Africa",0.321,810,35273570,0,0,82
2013,"Ukraine","UKR","Europe",0.459,3950,45489648,1,1.17860835790634,6
2014,"Australia","AUS","Oceania",0.85,65240,23475686,1,6.42106634378433,564
2014,"Belarus","BLR","Europe",0.243,7620,9448515,0,1.26665711402893,6
2014,"Belgium","BEL","Europe",0.903,47820,11209057,1,1.85713501274586,0
2014,"Bosnia and Herzegovina","BIH","Europe",0.561,5170,3571068,1,0,78
2014,"Brazil","BRA","Americas",0.877,12080,203459650,1,0,164
2014,"Bulgaria","BGR","Europe",0.677,7710,7223938,0,9.23283271491528,63
2014,"Cambodia","KHM","Asia",0.296,1020,15210817,0,0,90
2014,"Canada","CAN","Americas",0.813,52200,35437435,1,0,0
2014,"Chile","CHL","Americas",0.892,14830,17687108,1,0,54
2014,"Colombia","COL","Americas",0.675,8260,46677947,0,0,352
2014,"Croatia","HRV","Europe",0.832,13630,4238389,0,2.77102887630463,9
2014,"El Salvador","SLV","Americas",0.665,3450,6209526,0,1.60465115308762,12
2014,"France","FRA","Europe",0.895,43340,66312067,1,13.3071610033512,66
2014,"Georgia","GEO","Asia",0.674,4740,3719414,1,1.65075251460075,0
2014,"Germany","DEU","Europe",0.892,47640,80982500,1,3.699598133564,32
2014,"Greece","GRC","Europe",0.891,22010,10892413,1,4.02212905883789,9
2014,"Guatemala","GTM","Americas",0.585,3550,15306316,0,8.61067414283753,18
2014,"Honduras","HND","Americas",0.437,1970,9127846,0,0,12
2014,"Hungary","HUN","Europe",0.669,13560,9866468,0,1.68073135614395,0
2014,"Indonesia","IDN","Asia",0.669,3600,256229761,1,10,486
2014,"Ireland","IRL","Europe",0.899,46530,4657740,0,1.69934594631195,3
2014,"Italy","ITA","Europe",0.862,34910,60789140,1,9.69644177705049,45
2014,"Japan","JPN","Asia",0.821,44440,127276000,0,26.2380376905203,903
2014,"Kazakhstan","KAZ","Asia",0.233,12080,17288285,0,1.84545668959618,15
2014,"Kenya","KEN","Africa",0.532,1260,45831863,1,0,216
2014,"Mexico","MEX","Americas",0.621,11050,118755887,1,0,88
2014,"Myanmar","MMR","Asia",0.357,1250,51072436,1,2,0
2014,"Paraguay","PRY","Americas",0.598,6270,6090721,0,0,0
2014,"Peru","PER","Americas",0.819,6470,30353951,1,0,2216
2014,"Poland","POL","Europe",0.885,13470,38011735,0,1.83986577391624,234
2014,"Portugal","PRT","Europe",0.884,21200,10401062,0,3.60908380150795,3
2014,"Romania","ROU","Europe",0.674,9760,19908979,0,4.76035594940186,51
2014,"Slovenia","SVN","Europe",0.868,23620,2061980,0,4.673544049263,12
2014,"South Africa","ZAF","Africa",0.749,7340,54729551,1,3.07278444617987,132
2014,"Spain","ESP","Europe",0.873,29160,46480882,1,1.91792820394039,12
2014,"Switzerland","CHE","Europe",0.905,88250,8188649,1,2.02037025988102,8
2014,"Thailand","THA","Asia",0.155,5640,69960943,1,8,279
2015,"Albania","ALB","Europe",0.527,4390,2880703,0,3.00117120647337,3
2015,"Australia","AUS","Oceania",0.866,60550,23815995,1,14.0019593238831,64
2015,"Belgium","BEL","Europe",0.902,45570,11274196,1,1.94029825180769,1640
2015,"Bosnia and Herzegovina","BIH","Europe",0.548,5130,3524324,1,0,0
2015,"Brazil","BRA","Americas",0.868,10160,205188205,1,0,112
2015,"Bulgaria","BGR","Europe",0.67,7430,7177991,0,1.82973515987396,15
2015,"Cambodia","KHM","Asia",0.294,1070,15417523,0,0,0
2015,"Canada","CAN","Americas",0.816,47580,35702908,1,0,0
2015,"Chile","CHL","Americas",0.892,14220,17870124,1,0,612
2015,"Colombia","COL","Americas",0.684,7400,47119728,0,0,416
2015,"Costa Rica","CRI","Americas",0.907,10610,4895242,0,0,0
2015,"Croatia","HRV","Europe",0.818,13470,4203604,0,1.29100328683853,0
2015,"El Salvador","SLV","Americas",0.659,3490,6231066,0,4.62756612896919,39
2015,"France","FRA","Europe",0.895,41130,66548272,1,5.67422921955586,9894
2015,"Georgia","GEO","Asia",0.673,4410,3725276,1,1.48226946592331,120
2015,"Greece","GRC","Europe",0.88,20190,10820883,1,2.72517323493958,9
2015,"Guatemala","GTM","Americas",0.601,3700,15567419,0,6.46858179569244,1074
2015,"Indonesia","IDN","Asia",0.658,3420,259091970,1,12,168
2015,"Ireland","IRL","Europe",0.899,50420,4701957,0,1.6890409886837,3
2015,"Israel","ISR","Asia",0.738,36550,8380100,0,1.91665364056826,0
2015,"Italy","ITA","Europe",0.862,33000,60730582,1,7.76700609922409,27
2015,"Japan","JPN","Asia",0.82,39380,127141000,0,19.7774314880371,213
2015,"Kazakhstan","KAZ","Asia",0.236,11380,17542806,0,1.85980176925659,6
2015,"Kenya","KEN","Africa",0.532,1330,46851488,1,0,414
2015,"Mexico","MEX","Americas",0.636,10660,120149897,1,0,168
2015,"Mongolia","MNG","Asia",0.675,3850,2964749,0,0,0
2015,"Myanmar","MMR","Asia",0.366,1220,51483949,1,6,639
2015,"New Zealand","NZL","Oceania",0.889,40660,4609400,1,2.94588899612427,2
2015,"Paraguay","PRY","Americas",0.589,6090,6177950,0,0,56
2015,"Peru","PER","Americas",0.817,6290,30711863,1,0,120
2015,"Poland","POL","Europe",0.875,13250,37986412,0,3.66219425201416,234
2015,"Portugal","PRT","Europe",0.889,20460,10358076,0,1.75451621413231,3
2015,"Romania","ROU","Europe",0.711,9610,19815616,0,1.69251170754433,3
2015,"Rwanda","RWA","Africa",0.227,730,11642959,0,0,6
2015,"South Africa","ZAF","Africa",0.749,6550,55876504,1,1.47795172780752,0
2015,"Spain","ESP","Europe",0.858,28460,46444832,1,3.83186610043049,32
2015,"Thailand","THA","Asia",0.149,5580,70294397,1,2,9
2016,"Albania","ALB","Europe",0.529,4320,2876101,0,1,6
2016,"Australia","AUS","Oceania",0.871,54140,24190907,1,7.07504200935364,32
2016,"Austria","AUT","Europe",0.851,46240,8736668,1,1.58787317574024,0
2016,"Belgium","BEL","Europe",0.902,43400,11331422,1,3.89653472602368,8
2016,"Brazil","BRA","Americas",0.778,8890,206859578,1,0,1176
2016,"Cambodia","KHM","Asia",0.277,1160,15624584,0,0,0
2016,"Canada","CAN","Americas",0.843,43900,36109487,1,0,0
2016,"Chile","CHL","Americas",0.892,13440,18083879,1,0,36
2016,"Colombia","COL","Americas",0.677,6530,47625955,0,0,40
2016,"Costa Rica","CRI","Americas",0.903,11000,4945205,0,0,27
2016,"France","FRA","Europe",0.895,39100,66724104,1,1.89371474087238,15
2016,"Germany","DEU","Europe",0.889,44280,82348669,1,1.82195322215557,28
2016,"Greece","GRC","Europe",0.877,18640,10775971,1,1.4025085568428,12
2016,"Guatemala","GTM","Americas",0.628,3870,15827690,0,3.36337113380432,30
2016,"Hungary","HUN","Europe",0.613,13100,9814023,0,1.3123853802681,0
2016,"Indonesia","IDN","Asia",0.644,3400,261850182,1,24.3202055990696,1080
2016,"Israel","ISR","Asia",0.733,36840,8546000,0,1.90184810757637,0
2016,"Italy","ITA","Europe",0.869,31970,60627498,1,7.79020151495934,897
2016,"Japan","JPN","Asia",0.82,38460,127076000,0,19.9206317961216,303
2016,"Kenya","KEN","Africa",0.535,1500,47894670,1,0,126
2016,"Mexico","MEX","Americas",0.638,9800,121519221,1,0,360
2016,"Mongolia","MNG","Asia",0.676,3520,3029555,0,1,0
2016,"Myanmar","MMR","Asia",0.402,1230,51892349,1,7.5873826444149,393
2016,"Netherlands","NLD","Europe",0.882,46480,17030314,1,1.99369080364704,0
2016,"New Zealand","NZL","Oceania",0.889,39450,4714100,1,2.93636012077332,4
2016,"Paraguay","PRY","Americas",0.583,5860,6266615,0,0,0
2016,"Peru","PER","Americas",0.788,6070,31132779,1,0,132
2016,"Poland","POL","Europe",0.728,12660,37970087,0,3.46774351596832,69
2016,"Portugal","PRT","Europe",0.889,19940,10325452,0,1.79756781458855,12
2016,"Romania","ROU","Europe",0.732,9460,19702267,0,3.4807670712471,9
2016,"Rwanda","RWA","Africa",0.225,730,11930899,0,0,351
2016,"Senegal","SEN","Africa",0.721,1300,14751356,1,0,15
2016,"South Africa","ZAF","Africa",0.746,5960,56422274,1,4.55455928295851,96
2016,"Spain","ESP","Europe",0.851,27570,46484062,1,1.92171205580235,20
2016,"Thailand","THA","Asia",0.153,5570,70607037,1,4,105
2016,"Uganda","UGA","Africa",0.298,820,38748299,0,0,57
2016,"Ukraine","UKR","Europe",0.426,2360,45004673,1,2.47440612316132,120
2017,"Albania","ALB","Europe",0.54,4290,2873457,0,2,21
2017,"Australia","AUS","Oceania",0.87,51530,24592588,1,5.17120376229286,48
2017,"Austria","AUT","Europe",0.853,45040,8797566,1,3.20992764830589,20
2017,"Belarus","BLR","Europe",0.255,5320,9458989,0,1.15473601222038,129
2017,"Brazil","BRA","Americas",0.773,8670,208504960,1,0,672
2017,"Canada","CAN","Americas",0.847,42900,36545236,1,0,8
2017,"Chile","CHL","Americas",0.895,13330,18368577,1,0,126
2017,"Colombia","COL","Americas",0.676,6010,48351671,0,0,1536
2017,"Costa Rica","CRI","Americas",0.899,11400,4993842,0,0,39
2017,"Croatia","HRV","Europe",0.735,13070,4124531,0,2.59236443042755,0
2017,"El Salvador","SLV","Americas",0.672,3670,6266654,0,1.48509484529495,30
2017,"France","FRA","Europe",0.892,38320,66918020,1,5.72468237578869,9
2017,"Germany","DEU","Europe",0.893,43760,82657002,1,5.34001676738262,20
2017,"Greece","GRC","Europe",0.875,17960,10754679,1,5.76219248771668,78
2017,"Guatemala","GTM","Americas",0.626,4100,16087418,0,12.0549437999725,60
2017,"Hungary","HUN","Europe",0.561,13180,9787966,0,1.4886165857315,0
2017,"Indonesia","IDN","Asia",0.631,3530,264498852,1,19.1702336668968,396
2017,"Ireland","IRL","Europe",0.892,53660,4807388,0,1.70742338895798,0
2017,"Italy","ITA","Europe",0.867,31380,60536709,1,11.7569548934698,132
2017,"Japan","JPN","Asia",0.818,38930,126972000,0,7.83490788936615,147
2017,"Kazakhstan","KAZ","Asia",0.234,8040,18037776,0,1.79366627335548,0
2017,"Kenya","KEN","Africa",0.511,1550,48948137,1,0,306
2017,"Mexico","MEX","Americas",0.636,9310,122839258,1,0,1992
2017,"Mongolia","MNG","Asia",0.667,3250,3096030,0,1,51
2017,"Myanmar","MMR","Asia",0.405,1220,52288341,1,2,9
2017,"Namibia","NAM","Africa",0.718,4700,2364534,0,0,0
2017,"New Zealand","NZL","Oceania",0.886,38860,4813600,1,2.87599062919617,0
2017,"Peru","PER","Americas",0.79,6030,31605486,1,0,800
2017,"Poland","POL","Europe",0.69,12690,37974826,0,1.81255531311035,18
2017,"Portugal","PRT","Europe",0.898,20060,10300300,0,3.61092507839203,327
2017,"Romania","ROU","Europe",0.695,10030,19588715,0,1.78552012145519,27
2017,"Rwanda","RWA","Africa",0.223,720,12230339,0,0,9
2017,"Somalia","SOM","Africa",0.175,540,14864221,1,2,1208
2017,"South Africa","ZAF","Africa",0.736,5950,56641209,1,7.26863332092762,128
2017,"Spain","ESP","Europe",0.84,27120,46593236,1,3.82716046273708,16
2017,"Switzerland","CHE","Europe",0.908,80770,8451840,1,1.98043194413185,32
2017,"Thailand","THA","Asia",0.147,5820,70898202,1,6,450
2017,"Uganda","UGA","Africa",0.298,760,40127085,0,0,60
2017,"Ukraine","UKR","Europe",0.421,2360,44831135,1,1.35503667593002,111
2017,"United Arab Emirates","ARE","Asia",0.093,42090,9068296,0,1.9645347930491,0
2018,"Albania","ALB","Europe",0.527,4860,2866376,0,1.28161799907684,0
2018,"Australia","AUS","Oceania",0.861,53150,24963258,1,5.05554834008217,0
2018,"Belarus","BLR","Europe",0.255,5730,9438785,0,1.19871139526367,0
2018,"Belgium","BEL","Europe",0.901,46060,11427054,1,3.84351718425751,4
2018,"Brazil","BRA","Americas",0.748,9140,210166592,1,0,88
2018,"Bulgaria","BGR","Europe",0.617,8530,7025037,0,1.81148412823677,0
2018,"Cambodia","KHM","Asia",0.214,1420,16025238,0,0,0
2018,"Canada","CAN","Americas",0.847,45070,37065084,1,0,280
2018,"Colombia","COL","Americas",0.667,6320,49276961,0,0,104
2018,"Costa Rica","CRI","Americas",0.891,11880,5040734,0,0,3
2018,"Croatia","HRV","Europe",0.735,14370,4087843,0,1.37149459123611,0
2018,"El Salvador","SLV","Americas",0.643,3900,6276342,0,5.27586199343205,12
2018,"Estonia","EST","Europe",0.906,21180,1321977,0,1.43343651294708,21
2018,"France","FRA","Europe",0.883,41170,67158348,1,13.4779746383429,69
2018,"Georgia","GEO","Asia",0.676,4460,3726549,1,1.5023949444294,0
2018,"Germany","DEU","Europe",0.883,47490,82905782,1,3.57613575458527,20
2018,"Greece","GRC","Europe",0.866,19080,10732882,1,1.46011281013489,300
2018,"Guatemala","GTM","Americas",0.601,4400,16346950,0,7.63090205192566,1389
2018,"Hungary","HUN","Europe",0.482,14980,9775564,0,1.38665413856506,537
2018,"Indonesia","IDN","Asia",0.603,3850,267066843,1,23.4725081920624,21240
2018,"Ireland","IRL","Europe",0.893,59490,4867316,0,1.7242180109024,6
2018,"Israel","ISR","Asia",0.705,41520,8882800,0,1.92523349821567,36
2018,"Italy","ITA","Europe",0.868,33850,60421760,1,9.75439846515656,69
2018,"Japan","JPN","Asia",0.833,41800,126811000,0,13.7555800303817,1305
2018,"Kazakhstan","KAZ","Asia",0.236,8070,18276452,0,1.85677042603493,0
2018,"Kenya","KEN","Africa",0.495,1730,49953304,1,0,402
2018,"Latvia","LVA","Europe",0.835,16560,1927174,0,1.37803888320923,0
2018,"Lithuania","LTU","Europe",0.817,17470,2801543,0,3.22303771972656,15
2018,"Mauritius","MUS","Africa",0.745,11910,1265577,0,1.46892879530788,0
2018,"Mexico","MEX","Americas",0.673,9610,124013861,1,0,160
2018,"Mongolia","MNG","Asia",0.656,3700,3163991,0,3.29957914352417,0
2018,"Myanmar","MMR","Asia",0.394,1300,52666014,1,5.50444833934307,201
2018,"Namibia","NAM","Africa",0.692,5000,2405680,0,0,0
2018,"Netherlands","NLD","Europe",0.881,50540,17231624,1,3.87548130750656,9
2018,"New Zealand","NZL","Oceania",0.897,41680,4900600,1,1.39593470096588,0
2018,"Paraguay","PRY","Americas",0.584,6040,6443328,0,0,0
2018,"Peru","PER","Americas",0.81,6430,32203944,1,0,8
2018,"Poland","POL","Europe",0.688,14180,37974750,0,3.9386397600174,27
2018,"Portugal","PRT","Europe",0.899,22060,10283822,0,5.11020889878273,6
2018,"Romania","ROU","Europe",0.69,11520,19473970,0,4.71521481871605,6
2018,"Rwanda","RWA","Africa",0.224,770,12531808,0,0,228
2018,"Senegal","SEN","Africa",0.699,1420,15574909,1,0,0
2018,"Somalia","SOM","Africa",0.158,550,15411094,1,3.99999996263068,232
2018,"Spain","ESP","Europe",0.855,29330,46797754,1,7.70073118805885,96
2018,"Sweden","SWE","Europe",0.909,55700,10175214,0,1.74465626478195,0
2018,"Switzerland","CHE","Europe",0.908,82470,8514329,1,1.99659393727779,0
2018,"Uganda","UGA","Africa",0.293,770,41515395,0,0,246
2018,"Ukraine","UKR","Europe",0.425,2750,44622518,1,1.36409848928452,0
2019,"Albania","ALB","Europe",0.517,5230,2854191,0,4.81974765658378,153
2019,"Australia","AUS","Oceania",0.825,54970,25334826,1,5.1764705479145,140
2019,"Austria","AUT","Europe",0.862,51000,8879920,1,3.08666881918907,48
2019,"Belgium","BEL","Europe",0.9,48100,11488980,1,5.69418838620186,2864
2019,"Bosnia and Herzegovina","BIH","Europe",0.521,6160,3360711,1,0,3
2019,"Brazil","BRA","Americas",0.691,9220,211782878,1,0,188
2019,"Cambodia","KHM","Asia",0.196,1560,16207746,0,0,36
2019,"Canada","CAN","Americas",0.863,46600,37601230,1,0,8
2019,"Chile","CHL","Americas",0.831,14830,19039485,1,0,24
2019,"Colombia","COL","Americas",0.649,6590,50187406,0,0,1012
2019,"Costa Rica","CRI","Americas",0.894,12040,5084532,0,0,0
2019,"Croatia","HRV","Europe",0.742,15410,4065253,0,1.40105921030044,3
2019,"El Salvador","SLV","Americas",0.6,4090,6280217,0,3.30627316236496,18
2019,"France","FRA","Europe",0.874,42460,67388001,1,18.8832114636898,4353
2019,"Georgia","GEO","Asia",0.635,4690,3720161,1,1.58116036653519,0
2019,"Germany","DEU","Europe",0.883,49410,83092962,1,5.39606085419655,20
2019,"Greece","GRC","Europe",0.868,19690,10721582,1,1.47928285598755,21
2019,"Guatemala","GTM","Americas",0.607,4620,16604026,0,5.38789647817611,63
2019,"Hungary","HUN","Europe",0.472,16570,9771141,0,1.67739328742027,0
2019,"Indonesia","IDN","Asia",0.601,4070,269582878,1,29.5103098973632,1876
2019,"Italy","ITA","Europe",0.857,34910,59729081,1,9.74387161433697,15
2019,"Japan","JPN","Asia",0.831,41970,126633000,0,19.7433185577393,864
2019,"Kenya","KEN","Africa",0.495,1890,50951450,1,0,639
2019,"Luxembourg","LUX","Europe",0.88,79180,620001,1,1.74486091732979,0
2019,"Mexico","MEX","Americas",0.675,9930,125085311,1,0,64
2019,"Mongolia","MNG","Asia",0.659,3840,3232430,0,3.85487794876099,36
2019,"Myanmar","MMR","Asia",0.425,1370,53040212,1,3.9567101597786,384
2019,"Nepal","NPL","Asia",0.601,1220,28832496,1,0,588
2019,"Netherlands","NLD","Europe",0.867,51930,17344874,1,1.94381415843964,1200
2019,"New Zealand","NZL","Oceania",0.894,43110,4979200,1,1.37720286846161,42
2019,"Norway","NOR","Europe",0.889,82430,5347896,1,1.77437227964401,3
2019,"Paraguay","PRY","Americas",0.587,5940,6530026,0,0,160
2019,"Peru","PER","Americas",0.805,6770,32824861,1,0,312
2019,"Poland","POL","Europe",0.684,15330,37965475,0,1.88519895076752,12
2019,"Portugal","PRT","Europe",0.883,23200,10286263,0,1.68150669336319,6
2019,"Romania","ROU","Europe",0.745,12670,19371648,0,1.65721490979195,12
2019,"Rwanda","RWA","Africa",0.228,810,12835028,0,0,84
2019,"Senegal","SEN","Africa",0.725,1460,16000781,1,0,18
2019,"Somalia","SOM","Africa",0.152,570,15981300,1,8,92
2019,"South Africa","ZAF","Africa",0.711,6740,58087055,1,8.39919698238373,408
2019,"Spain","ESP","Europe",0.874,30360,47134837,1,15.4061885476112,108
2019,"Switzerland","CHE","Europe",0.907,83160,8575280,1,1.97811642289162,16
2019,"Thailand","THA","Asia",0.205,7080,71307763,1,3,78
2019,"Uganda","UGA","Africa",0.292,810,42949080,0,0,645
2020,"Australia","AUS","Oceania",0.0841,53630,25649248,1,5.08225867152214,4
2020,"Belgium","BEL","Europe",0.0894,46100,11538604,1,3.7178883254528,6748
2020,"Bosnia and Herzegovina","BIH","Europe",0.0523,6120,3318407,1,0,0
2020,"Brazil","BRA","Americas",0.0696,7910,213196304,1,0,652
2020,"Cambodia","KHM","Asia",0.0194,1530,16396860,0,0,88
2020,"Canada","CAN","Americas",0.0858,43920,38007166,1,0,4
2020,"Colombia","COL","Americas",0.064,5800,50930662,0,0,264
2020,"Costa Rica","CRI","Americas",0.0897,11500,5123105,0,0,0
2020,"Croatia","HRV","Europe",0.0768,14700,4047680,0,2.73157429695129,27
2020,"El Salvador","SLV","Americas",0.0522,3780,6292731,0,7.33493965864182,225
2020,"France","FRA","Europe",0.0872,39250,67571107,1,13.129830300808,5832
2020,"Georgia","GEO","Asia",0.0629,4260,3722716,1,1.62083694338799,0
2020,"Germany","DEU","Europe",0.0873,47970,83160871,1,1.79667508602142,0
2020,"Greece","GRC","Europe",0.0809,17920,10698599,1,4.44452673196793,30
2020,"Guatemala","GTM","Americas",0.0595,4490,16858333,0,9.19263035058975,501
2020,"Indonesia","IDN","Asia",0.0576,3900,271857970,1,49.0630676746368,840
2020,"Israel","ISR","Asia",0.0729,43120,9215100,0,3.85585767030716,21
2020,"Italy","ITA","Europe",0.0857,32440,59438851,1,13.7626532167196,57
2020,"Japan","JPN","Asia",0.0835,40940,126261000,0,7.65367883443832,252
2020,"Kazakhstan","KAZ","Asia",0.0243,8710,18755666,0,1.77616365253925,0
2020,"Kenya","KEN","Africa",0.0499,1900,51985780,1,4.53376623988152,855
2020,"Mexico","MEX","Americas",0.0652,8960,125998302,1,0,328
2020,"Mongolia","MNG","Asia",0.0636,3720,3294335,0,5.13061833381653,30
2020,"Nepal","NPL","Asia",0.0598,1180,29348627,1,1.4349250793457,1792
2020,"Netherlands","NLD","Europe",0.0865,50170,17441500,1,1.94957984983921,1200
2020,"New Zealand","NZL","Oceania",0.089,41590,5090200,1,3.93320560455322,0
2020,"Norway","NOR","Europe",0.088,78610,5379475,1,1.76266905665398,30
2020,"Paraguay","PRY","Americas",0.0583,5540,6618695,0,0,80
2020,"Peru","PER","Americas",0.0818,6000,33304756,1,0,120
2020,"Poland","POL","Europe",0.0613,15300,37899070,0,3.60351663827896,9
2020,"Romania","ROU","Europe",0.0801,12710,19265250,0,1.77520088851452,9
2020,"Rwanda","RWA","Africa",0.0228,760,13146362,0,0,333
2020,"Senegal","SEN","Africa",0.074,1470,16436120,1,0,33
2020,"Slovenia","SVN","Europe",0.0761,25480,2102419,0,1.58724015951157,3
2020,"Somalia","SOM","Africa",0.016,540,16537016,1,0,164
2020,"South Africa","ZAF","Africa",0.0714,6110,58801927,1,2.78751049935818,52
2020,"Spain","ESP","Europe",0.0877,27180,47365655,1,1.94145629554987,68
2020,"Sweden","SWE","Europe",0.0901,54820,10353442,0,1.73700261116028,3
2020,"Switzerland","CHE","Europe",0.0901,81740,8638167,1,1.94575974345207,0
2020,"Thailand","THA","Asia",0.0192,6920,71475664,1,7,132
2020,"Uganda","UGA","Africa",0.0295,820,44404611,0,0,105
2020,"Ukraine","UKR","Europe",0.0546,3570,44132049,1,3.80155026912689,57
2020,"Uzbekistan","UZB","Asia",0.0204,1770,34232050,0,1.97589139267802,12
